Date,Total daily depth (mm),Location
1987-11-03,817.0,"Oliva, València"
1987-11-04,790.0,"Pobla del Duc, València"
2024-10-29,771.0,"Turís, València"
1987-11-03,720.0,"Gandia, València"
1982-10-20,632.0,"Bicorp, València"
1973-09-19,600.0,"Zurzena, Almería"
1973-09-19,600.0,"Albuñol, Granada"
1959-10-22,536.5,"Son Torrella, Illes Balears"
1987-11-04,520.0,"Sucamarcer, València"
1996-09-11,520.0,"Tavernes de Valldigna, València"
1996-09-11,500.0,"Benifairó de Valldigna, València"
1940-09-29,460.0,"Gorg blau, Illes Balears"
1994-10-10,450.0,"Alforja, Tarragona"
1986-10-14,430.0,"Cadaqués, Girona"
1982-10-20,426.0,"Cofrentes, València"
1982-10-20,425.5,"Jalance, València"
1987-11-03,425.0,"Dènia, Alacant"
1991-11-04,420.0,"Alginet, València"
1996-09-11,420.0,"Dènia, Alacant"
1961-10-31,409.7,"Dènia, Alacant"
1973-09-19,400.0,"Cádiar, Granada"
1960-07-31,400.0,"Matadepera, Barcelona"
2002-05-07,400.0,"Villalonga, València"
