Date,Daily precipitation (mm),Province/Autonomous community,Casualties,Material damages (uninflated; M€)
1940-10-18,"352.0 (743 in 72 h)",Catalunya,90,">136 (of 2013; Llasat et al., 2016)"
1949-09-27,Unknown,Málaga,20,"Unknown (Benito, 2016)"
1949-10-28,Unknown,València,30,"0.89 (Portugués, 2012)"
1957-10-14,361.0,València,81,"96.2 (Puertes and Francés, 2016)"
1962-09-25,"360.0 (200.0 in < 2h)",Barcelona,815,"533 (of 2013; Martín-Vide and Llasat; 2018)"
1971-09-21,"308.0 (639.0 in 96 h)",Barcelona,19,">835 (of 2013; Llasat et al., 2016)"
1973-10-18,"600.0 (< 6 h)","Almería, Granada, Murcia, Alacant",300,"400 (Capel, 1974; López-Bustos, 1981; Barredo, 2007; Benito et al., 2010)"
1982-10-20,"500.0-700.0 (> 1000 in 48 h)","València, Alacant",40,"630 (Barredo, 2007)"
1982-11-09,"610.0 (in 48 h)","Andalucía, Catalunya",30,"300 (Barredo, 2007)"
1987-10-03,431.0,Catalunya,14,"6 (of 1987; Ramis et al., 1994)"
1987-11-04,817.0,"Murcia, València",16,"17.1 (Barredo, 2007)"
1988-11-12,222.0,"València, Catalunya",11,5
1989-09-05,250.0,"Andalucía, València, Catalunya, Illes Balears",16.75,">90"
1989-11-14,"292.0 (180.0 in 1.5 h)",Málaga,11,8
1994-10-09,"450.0 (240.0 in 2.5 h)","València, Catalunya, Illes Balears",Unknown,100
1997-09-30,"270.0 (in 5 h; 156.0 in 1 h)",València,18,13
2000-06-10,"257.0 > 250 (in 24 h)",Catalunya,375,64
2000-10-22,"> 500 (in 48 h)","Murcia, València, Catalunya",19,13
2012-09-28,"320.0 (223.0 in 2 h)","Andalucía, Murcia, València",90.15,91.1
2018-10-09,257.0,Illes Balears,5,7
2019-09-11,"320.6 (492 in 48 h)","Andalucía, Murcia, València",30,425
2019-10-22,292.6,Catalunya,7,"44 (Martín-Vide et al., 2023; Amengual et al., 2024)"

